"Action","customer","Sale Order","Book Date","Type","Status","Health"
"edit                                                  |                                                      view","","8100081","","VPM","In Process","good"
"edit                                                  |                                                      view","","8000080","","WLAN","Proposed","good"
"edit                                                  |                                                      view","","7900079","","VPM","Booked","good"
"edit                                                  |                                                      view","","7800078","","CSN","Booked","good"
"edit                                                  |                                                      view","","7700077","","WLAN","Proposed","good"
"edit                                                  |                                                      view","","7600076","","VPM","Booked","good"
"edit                                                  |                                                      view","","7500075","","WLAN","Complete","good"
"edit                                                  |                                                      view","","7400074","","VPM","Scheduled","good"
"edit                                                  |                                                      view","","7300073","","VPM","In Process","good"
"edit                                                  |                                                      view","","7200072","","WLAN","Booked","good"
"edit                                                  |                                                      view","","7100071","","WLAN","Booked","good"
"edit                                                  |                                                      view","","7000070","","VPM","In Process","good"
"edit                                                  |                                                      view","","6900069","","VPM","Scheduled","good"
"edit                                                  |                                                      view","","6800068","","VPM","Scheduled","good"
"edit                                                  |                                                      view","","6700067","","VPM","Scheduled","good"
"edit                                                  |                                                      view","","6600066","","WLAN","Booked","good"
"edit                                                  |                                                      view","","6500065","","VPM","In Process","good"
"edit                                                  |                                                      view","","6400064","","VPM","In Process","good"
"edit                                                  |                                                      view","","6300063","","WLAN","Booked","good"
"edit                                                  |                                                      view","","6200062","","VPM","Scheduled","good"
"edit                                                  |                                                      view","","6100061","","WLAN","Proposed","good"
"edit                                                  |                                                      view","","6000060","","WLAN","Booked","good"
"edit                                                  |                                                      view","","5900059","","WLAN","Complete","good"
"edit                                                  |                                                      view","","5800058","","VPM","Scheduled","good"
"edit                                                  |                                                      view","","5724598","","VPN","Imported","good"
"edit                                                  |                                                      view","","5724598","","VPN","Imported","good"
"edit                                                  |                                                      view","","5724493","","VPN","Imported","good"
"edit                                                  |                                                      view","","5724493","","VPN","Imported","good"
"edit                                                  |                                                      view","","5724493","","VPN","Imported","good"
"edit                                                  |                                                      view","","5724493","","VPN","Imported","good"
"edit                                                  |                                                      view","","5724493","","VPN","Imported","good"
"edit                                                  |                                                      view","","5724493","","VPN","Imported","good"
"edit                                                  |                                                      view","","5724106","","VPN","Imported","good"
"edit                                                  |                                                      view","","5724106","","VPN","Imported","good"
"edit                                                  |                                                      view","","5700057","","WLAN","Scheduled","good"
"edit                                                  |                                                      view","","5600056","","WLAN","Proposed","good"
"edit                                                  |                                                      view","","5500055","","VPM","Booked","good"
"edit                                                  |                                                      view","","5400054","","WLAN","Proposed","good"
"edit                                                  |                                                      view","","5300053","","VPM","In Process","good"
"edit                                                  |                                                      view","","5200052","","VPM","Booked","good"
"edit                                                  |                                                      view","","5100051","","VPM","In Process","good"
"edit                                                  |                                                      view","","5000050","","VPM","Booked","good"
"edit                                                  |                                                      view","","4900049","","CSN","Booked","good"
"edit                                                  |                                                      view","","4800048","","VPM","Booked","good"
"edit                                                  |                                                      view","","4700047","","VPM","Complete","good"
"edit                                                  |                                                      view","","4600046","","VPM","Booked","good"
"edit                                                  |                                                      view","","4500045","","VPM","Complete","good"
"edit                                                  |                                                      view","","4400044","","WLAN","Complete","good"
"edit                                                  |                                                      view","","4300043","","CSN","Complete","good"
"edit                                                  |                                                      view","","4200042","","WLAN","Complete","good"
"edit                                                  |                                                      view","","4100041","","WLAN","Booked","good"
"edit                                                  |                                                      view","","4000040","","WLAN","Booked","good"
"edit                                                  |                                                      view","","3900039","","WLAN","Booked","good"
"edit                                                  |                                                      view","","3800038","","WLAN","In Process","good"
"edit                                                  |                                                      view","","3700037","","WLAN","Complete","good"
"edit                                                  |                                                      view","","3600036","","VPM","Complete","good"
"edit                                                  |                                                      view","","3500035","","VPM","Scheduled","good"
"edit                                                  |                                                      view","","3400034","","VPM","Scheduled","good"
"edit                                                  |                                                      view","","3300033","","WLAN","Scheduled","good"
"edit                                                  |                                                      view","","3200032","","VPM","Scheduled","good"
"edit                                                  |                                                      view","","3100031","","VPM","In Process","good"
"edit                                                  |                                                      view","","3000030","","VPM","Complete","good"
"edit                                                  |                                                      view","","2900029","","VPM","Complete","good"
"edit                                                  |                                                      view","","2800028","","VPM","Complete","good"
"edit                                                  |                                                      view","","2700027","","WLAN","Scheduled","good"
"edit                                                  |                                                      view","","2600026","","VPM","Post support","good"
"edit                                                  |                                                      view","","2500025","","WLAN","Complete","good"
"edit                                                  |                                                      view","","2400024","","WLAN","Complete","good"
"edit                                                  |                                                      view","","2300023","","VPM","Complete","good"
"edit                                                  |                                                      view","","2200022","","VPM","Complete","good"
"edit                                                  |                                                      view","","2100021","","VPM","Complete","good"
"edit                                                  |                                                      view","","2000020","","VPM","Complete","good"
"edit                                                  |                                                      view","","1900019","","VPM","Complete","good"
"edit                                                  |                                                      view","","1800018","","VPM","In Process","good"
"edit                                                  |                                                      view","","1700017","","WLAN","Complete","good"
"edit                                                  |                                                      view","","1600016","","VPM","In Process","good"
"edit                                                  |                                                      view","","1500015","","VPM","In Process","good"
"edit                                                  |                                                      view","","1400014","","WLAN","Complete","good"
"edit                                                  |                                                      view","","1300013","","VPM","Complete","good"
"edit                                                  |                                                      view","","1200012","","VPM","Complete","good"
"edit                                                  |                                                      view","","1100011","","VPM","Complete","good"
"edit                                                  |                                                      view","","1000010","","VPM","R&D Support","good"
"edit                                                  |                                                      view","","90009","","VPM","Complete","good"
"edit                                                  |                                                      view","","80008","","VPM","Complete","good"
"edit                                                  |                                                      view","","70007","","WLAN","Complete","good"
"edit                                                  |                                                      view","","60006","","VPM","Complete","good"
"edit                                                  |                                                      view","","50005","","VPM","Complete","good"
"edit                                                  |                                                      view","","40004","","WLAN","Complete","good"
"edit                                                  |                                                      view","","30003","","VPM","Scheduled","good"
"edit                                                  |                                                      view","","20002","","WLAN","Complete","good"
"Action","customer","Sale Order","Book Date","Type","Status","Health"